po_number,supplier,origin_country,destination_country,lane,mode,incoterm,po_date,planned_ship_date,actual_ship_date,planned_eta,actual_eta,status,quantity,unit_price,freight_cost,duty_cost,shipment_id
PO-10000,Alpha Components,CN,IN,CN->IN,Ocean,FOB,2024-01-20,2024-01-25,2024-01-26,2024-02-14,2024-02-23,Delivered,1072,29.09,906.76,6812.4,SHIP-90000
PO-10001,Foxtrot Fasteners,US,IN,DE->IN,Road,DAP,2025-06-21,2025-06-27,2025-07-01,2025-07-10,2025-07-11,Delivered,1791,195.03,4460.38,77329.96,SHIP-90001
PO-10002,Crescent Metals,US,IN,SG->IN,Road,EXW,2024-08-13,2024-08-14,2024-08-20,2024-09-02,2024-09-13,Delivered,238,46.57,7087.36,891.73,SHIP-90002
PO-10003,Delta Textiles,DE,IN,CN->IN,Air,FOB,2024-12-05,2024-12-14,2024-12-14,2024-12-31,2024-12-30,Delayed,1262,54.26,7095.54,14358.54,SHIP-90003
PO-10004,Crescent Metals,SG,IN,VN->IN,Air,EXW,2024-09-16,2024-09-25,2024-09-25,2024-10-26,2024-11-02,Delivered,1281,72.65,6589.03,7062.79,SHIP-90004
PO-10005,Foxtrot Fasteners,US,IN,DE->IN,Air,EXW,2024-12-26,2024-12-31,2025-01-06,2025-01-16,2025-01-26,Delivered,576,42.07,6537.6,4256.73,SHIP-90005
PO-10006,Delta Textiles,VN,IN,CN->IN,Ocean,FOB,2025-03-02,2025-03-16,2025-03-19,2025-04-01,,In-Transit,1825,248.98,9910.67,20533.67,SHIP-90006
PO-10007,Beta Plastics,CN,IN,SG->IN,Road,CIF,2024-03-22,2024-04-01,2024-04-05,2024-04-26,2024-05-02,Delayed,1560,217.36,9068.25,82411.52,SHIP-90007
PO-10008,Beta Plastics,VN,IN,DE->IN,Road,EXW,2025-07-30,2025-08-19,2025-08-24,2025-09-18,2025-09-23,Delivered,337,19.14,809.01,859.51,SHIP-90008
PO-10009,Beta Plastics,VN,IN,US->IN,Ocean,CIF,2024-03-16,2024-03-26,2024-03-23,2024-04-09,,In-Transit,1163,165.68,8650.45,37963.57,SHIP-90009
PO-10010,Crescent Metals,US,IN,VN->IN,Ocean,EXW,2024-11-19,2024-12-06,2024-12-05,2025-01-10,2025-01-14,Delivered,530,66.36,9671.52,599.81,SHIP-90010
PO-10011,Echo Electronics,DE,IN,CN->IN,Air,CIF,2024-01-05,2024-01-19,2024-01-24,2024-01-29,2024-02-03,Delivered,875,35.31,5174.73,6862.04,SHIP-90011
PO-10012,Alpha Components,VN,IN,VN->IN,Ocean,EXW,2024-10-07,2024-10-22,2024-10-24,2024-11-24,2024-11-21,Delivered,885,69.96,11383.19,7572.71,SHIP-90012
PO-10013,Crescent Metals,SG,IN,AE->IN,Ocean,DAP,2025-05-29,2025-06-05,2025-06-02,2025-07-02,2025-07-03,Delivered,1588,100.47,9873.99,36403.34,SHIP-90013
PO-10014,Alpha Components,AE,IN,DE->IN,Road,DAP,2024-06-20,2024-06-21,2024-06-18,2024-07-20,2024-07-14,Delivered,1141,19.46,9580.87,1476.35,SHIP-90014
PO-10015,Delta Textiles,VN,IN,AE->IN,Ocean,EXW,2025-04-22,2025-05-08,2025-05-07,2025-05-28,2025-05-27,Delivered,148,157.42,3800.24,105.89,SHIP-90015
PO-10016,Alpha Components,DE,IN,DE->IN,Air,DAP,2024-12-09,2024-12-21,2024-12-25,2025-01-04,,In-Transit,66,180.8,7237.04,1902.95,SHIP-90016
PO-10017,Echo Electronics,SG,IN,US->IN,Air,DAP,2024-07-28,2024-08-15,2024-08-13,2024-08-29,2024-08-31,Delivered,1888,63.22,935.45,2878.62,SHIP-90017
PO-10018,Crescent Metals,SG,IN,CN->IN,Air,CIF,2024-09-01,2024-09-07,2024-09-11,2024-09-29,,In-Transit,1985,245.7,11907.77,15581.87,SHIP-90018
PO-10019,Alpha Components,AE,IN,SG->IN,Road,FOB,2025-05-04,2025-05-16,2025-05-17,2025-06-08,2025-06-06,Delayed,1991,29.62,5377.3,10544.38,SHIP-90019
PO-10020,Echo Electronics,SG,IN,VN->IN,Ocean,DAP,2025-01-03,2025-01-20,2025-01-26,2025-01-25,2025-01-28,Delayed,1940,83.87,8326.83,6945.49,SHIP-90020
PO-10021,Alpha Components,SG,IN,US->IN,Road,EXW,2024-02-11,2024-02-25,2024-02-27,2024-03-07,2024-03-11,Delivered,911,73.64,3827.32,15131.22,SHIP-90021
PO-10022,Delta Textiles,US,IN,CN->IN,Road,EXW,2024-03-01,2024-03-19,2024-03-20,2024-04-17,2024-04-21,Delivered,1108,177.68,9059.13,1074.6,SHIP-90022
PO-10023,Foxtrot Fasteners,US,IN,US->IN,Air,DAP,2024-08-02,2024-08-15,2024-08-14,2024-08-31,2024-08-26,Delivered,952,226.13,7122.63,13549.24,SHIP-90023
PO-10024,Foxtrot Fasteners,VN,IN,SG->IN,Ocean,FOB,2025-04-13,2025-04-30,2025-05-06,2025-05-11,2025-05-18,Delivered,300,237.53,174.08,691.68,SHIP-90024
PO-10025,Echo Electronics,US,IN,DE->IN,Air,DAP,2025-03-28,2025-04-08,2025-04-09,2025-05-09,2025-05-20,Delivered,639,119.8,11677.56,14935.48,SHIP-90025
PO-10026,Crescent Metals,DE,IN,DE->IN,Air,EXW,2024-02-13,2024-02-14,2024-02-19,2024-03-11,2024-03-19,Delivered,1630,75.94,4993.88,14599.25,SHIP-90026
PO-10027,Echo Electronics,VN,IN,US->IN,Air,CIF,2025-05-27,2025-06-10,2025-06-14,2025-06-20,2025-06-30,Delivered,1182,90.28,2293.46,8727.85,SHIP-90027
PO-10028,Delta Textiles,SG,IN,CN->IN,Air,CIF,2025-03-07,2025-03-24,2025-03-24,2025-04-14,2025-04-16,Delivered,862,120.9,3163.66,12714.25,SHIP-90028
PO-10029,Beta Plastics,SG,IN,SG->IN,Ocean,EXW,2025-05-18,2025-05-24,2025-05-30,2025-06-23,2025-06-26,Delivered,577,53.19,1924.73,6506.88,SHIP-90029
PO-10030,Delta Textiles,DE,IN,VN->IN,Air,CIF,2025-01-08,2025-01-28,2025-02-01,2025-02-18,2025-02-12,Delivered,1772,142.95,11517.41,58724.17,SHIP-90030
PO-10031,Crescent Metals,SG,IN,SG->IN,Ocean,EXW,2025-03-06,2025-03-21,2025-03-27,2025-04-24,2025-04-23,Delivered,381,56.77,3338.31,4074.95,SHIP-90031
PO-10032,Alpha Components,US,IN,CN->IN,Air,FOB,2025-06-20,2025-07-04,2025-07-02,2025-07-30,2025-08-03,Delayed,838,112.57,10998.11,4790.04,SHIP-90032
PO-10033,Echo Electronics,SG,IN,US->IN,Ocean,DAP,2024-12-07,2024-12-08,2024-12-14,2024-12-30,,In-Transit,1792,210.02,1210.28,66737.86,SHIP-90033
PO-10034,Foxtrot Fasteners,US,IN,US->IN,Ocean,CIF,2024-07-05,2024-07-11,2024-07-10,2024-08-07,2024-08-02,Delayed,400,36.7,3186.69,3216.15,SHIP-90034
PO-10035,Crescent Metals,US,IN,SG->IN,Air,CIF,2024-05-05,2024-05-16,2024-05-15,2024-05-22,2024-05-23,Delivered,779,50.89,11319.52,5655.91,SHIP-90035
PO-10036,Foxtrot Fasteners,CN,IN,VN->IN,Ocean,DAP,2024-02-25,2024-03-04,2024-03-03,2024-03-15,2024-03-21,Delivered,728,22.43,2793.8,2719.32,SHIP-90036
PO-10037,Alpha Components,US,IN,CN->IN,Air,DAP,2024-06-12,2024-07-01,2024-07-06,2024-08-05,2024-08-03,Delivered,1672,227.56,11484.93,30562.6,SHIP-90037
PO-10038,Echo Electronics,DE,IN,VN->IN,Air,DAP,2025-04-05,2025-04-14,2025-04-19,2025-04-28,2025-05-02,Delivered,1885,42.38,9277.45,6561.53,SHIP-90038
PO-10039,Echo Electronics,CN,IN,AE->IN,Ocean,DAP,2024-06-06,2024-06-22,2024-06-28,2024-07-02,2024-06-27,Delivered,1528,32.41,7562.29,9704.03,SHIP-90039
PO-10040,Alpha Components,AE,IN,US->IN,Road,FOB,2025-03-05,2025-03-21,2025-03-25,2025-04-10,,In-Transit,1956,92.17,4116.91,7104.3,SHIP-90040
PO-10041,Beta Plastics,AE,IN,DE->IN,Air,FOB,2024-03-02,2024-03-16,2024-03-20,2024-04-11,,In-Transit,930,119.75,3194.42,18149.17,SHIP-90041
PO-10042,Foxtrot Fasteners,SG,IN,DE->IN,Road,EXW,2025-07-15,2025-07-21,2025-07-26,2025-08-14,2025-08-21,Delivered,1259,121.56,7991.24,31697.9,SHIP-90042
PO-10043,Delta Textiles,DE,IN,VN->IN,Ocean,DAP,2024-12-19,2025-01-02,2024-12-30,2025-02-02,2025-02-03,Delayed,1864,182.18,9439.1,58198.3,SHIP-90043
PO-10044,Beta Plastics,CN,IN,VN->IN,Ocean,CIF,2024-11-21,2024-12-05,2024-12-04,2024-12-13,2024-12-22,Delivered,1635,182.54,3298.51,46914.65,SHIP-90044
PO-10045,Beta Plastics,US,IN,VN->IN,Ocean,FOB,2024-11-08,2024-11-19,2024-11-20,2024-12-24,2024-12-18,Delivered,915,167.23,9298.69,20044.26,SHIP-90045
PO-10046,Foxtrot Fasteners,CN,IN,CN->IN,Air,CIF,2024-02-26,2024-03-12,2024-03-17,2024-03-20,2024-03-22,Delivered,951,160.09,222.15,32359.94,SHIP-90046
PO-10047,Crescent Metals,US,IN,CN->IN,Ocean,EXW,2024-08-26,2024-09-04,2024-09-10,2024-09-17,2024-09-12,Delivered,93,38.48,4098.06,55.24,SHIP-90047
PO-10048,Foxtrot Fasteners,SG,IN,US->IN,Ocean,EXW,2024-05-25,2024-06-05,2024-06-03,2024-06-27,,In-Transit,775,36.48,1008.08,1051.51,SHIP-90048
PO-10049,Foxtrot Fasteners,US,IN,AE->IN,Air,CIF,2024-09-11,2024-09-30,2024-10-03,2024-10-28,,In-Transit,1865,157.78,2166.45,64719.43,SHIP-90049
PO-10050,Alpha Components,US,IN,AE->IN,Ocean,FOB,2025-07-23,2025-08-06,2025-08-03,2025-09-10,,In-Transit,1937,210.1,8935.32,86186.77,SHIP-90050
PO-10051,Echo Electronics,US,IN,SG->IN,Ocean,EXW,2024-03-09,2024-03-27,2024-03-30,2024-04-01,2024-03-27,Delivered,740,133.01,1069.62,7409.06,SHIP-90051
PO-10052,Delta Textiles,VN,IN,DE->IN,Air,EXW,2024-05-13,2024-05-25,2024-05-24,2024-06-03,2024-05-31,Delivered,1206,208.63,9624.34,4511.14,SHIP-90052
PO-10053,Beta Plastics,SG,IN,US->IN,Air,EXW,2024-03-22,2024-04-11,2024-04-10,2024-04-24,2024-04-29,Delivered,246,74.92,7445.21,2632.86,SHIP-90053
PO-10054,Alpha Components,US,IN,DE->IN,Air,CIF,2024-11-08,2024-11-28,2024-12-01,2024-12-13,,In-Transit,665,95.89,2998.53,11825.01,SHIP-90054
PO-10055,Crescent Metals,DE,IN,DE->IN,Ocean,EXW,2024-06-07,2024-06-23,2024-06-24,2024-07-11,2024-07-12,Delayed,1749,7.61,6687.19,1610.54,SHIP-90055
PO-10056,Echo Electronics,US,IN,US->IN,Ocean,CIF,2024-11-15,2024-11-26,2024-12-02,2024-12-14,,In-Transit,1627,215.73,5391.63,19044.84,SHIP-90056
PO-10057,Delta Textiles,AE,IN,SG->IN,Road,FOB,2025-06-30,2025-07-12,2025-07-13,2025-08-05,,In-Transit,1457,36.99,1028.88,7373.43,SHIP-90057
PO-10058,Foxtrot Fasteners,US,IN,SG->IN,Ocean,CIF,2024-09-15,2024-09-21,2024-09-18,2024-10-14,,In-Transit,1934,27.72,611.9,1496.39,SHIP-90058
PO-10059,Echo Electronics,SG,IN,SG->IN,Air,FOB,2025-04-06,2025-04-24,2025-04-30,2025-05-12,2025-05-13,Delivered,173,72.48,3505.33,2018.97,SHIP-90059
PO-10060,Foxtrot Fasteners,DE,IN,SG->IN,Ocean,CIF,2024-06-27,2024-07-13,2024-07-13,2024-08-09,2024-08-17,Delivered,471,45.78,3430.09,1939.94,SHIP-90060
PO-10061,Foxtrot Fasteners,SG,IN,VN->IN,Road,FOB,2025-05-06,2025-05-21,2025-05-21,2025-05-31,2025-06-12,Delivered,1785,158.03,10782.65,48334.59,SHIP-90061
PO-10062,Delta Textiles,VN,IN,US->IN,Ocean,EXW,2025-03-22,2025-04-06,2025-04-11,2025-04-29,2025-05-03,Delivered,917,167.38,5594.18,36393.98,SHIP-90062
PO-10063,Beta Plastics,CN,IN,US->IN,Road,EXW,2025-06-18,2025-06-25,2025-06-23,2025-07-22,,Cancelled,1634,208.93,1163.57,72972.86,SHIP-90063
PO-10064,Crescent Metals,VN,IN,AE->IN,Ocean,EXW,2024-08-28,2024-09-07,2024-09-07,2024-10-11,2024-10-10,Delivered,1469,26.85,10747.96,4962.43,SHIP-90064
PO-10065,Alpha Components,CN,IN,US->IN,Ocean,CIF,2025-02-22,2025-03-03,2025-03-02,2025-03-20,2025-03-25,Delivered,936,199.14,10160.8,13535.68,SHIP-90065
PO-10066,Echo Electronics,DE,IN,SG->IN,Air,EXW,2025-02-27,2025-03-07,2025-03-09,2025-03-16,,In-Transit,1812,197.12,11550.14,35380.75,SHIP-90066
PO-10067,Crescent Metals,CN,IN,DE->IN,Ocean,EXW,2024-10-18,2024-11-01,2024-11-07,2024-11-30,2024-11-27,Delayed,1186,135.79,8361.32,13139.69,SHIP-90067
PO-10068,Delta Textiles,US,IN,AE->IN,Ocean,DAP,2024-01-06,2024-01-25,2024-01-23,2024-02-23,2024-02-22,Delivered,1542,110.84,9011.71,15948.91,SHIP-90068
PO-10069,Foxtrot Fasteners,SG,IN,VN->IN,Road,FOB,2024-02-23,2024-03-12,2024-03-12,2024-04-16,,Cancelled,1940,86.15,8648.76,30102.53,SHIP-90069
PO-10070,Crescent Metals,DE,IN,DE->IN,Air,DAP,2025-02-05,2025-02-22,2025-02-28,2025-03-29,2025-04-02,Delivered,986,47.93,1024.83,7678.96,SHIP-90070
PO-10071,Alpha Components,CN,IN,VN->IN,Air,DAP,2025-05-24,2025-06-10,2025-06-10,2025-07-12,2025-07-16,Delayed,1149,24.72,11170.6,6485.3,SHIP-90071
PO-10072,Crescent Metals,SG,IN,DE->IN,Road,FOB,2024-12-31,2025-01-09,2025-01-07,2025-01-30,2025-01-26,Delivered,782,64.58,8570.64,12387.11,SHIP-90072
PO-10073,Delta Textiles,VN,IN,AE->IN,Ocean,EXW,2024-06-10,2024-06-21,2024-06-20,2024-07-14,2024-07-12,Delivered,56,231.26,6675.44,3125.48,SHIP-90073
PO-10074,Echo Electronics,VN,IN,SG->IN,Road,CIF,2024-05-22,2024-06-03,2024-06-02,2024-06-20,2024-07-02,Delivered,1214,115.8,1084.02,18518.06,SHIP-90074
PO-10075,Echo Electronics,VN,IN,SG->IN,Ocean,CIF,2025-01-29,2025-02-06,2025-02-11,2025-02-23,2025-02-25,Delivered,1401,203.05,7915.49,3019.26,SHIP-90075
PO-10076,Crescent Metals,AE,IN,AE->IN,Road,DAP,2025-06-26,2025-07-16,2025-07-19,2025-07-22,2025-07-20,Delivered,342,179.94,4462.65,8815.97,SHIP-90076
PO-10077,Foxtrot Fasteners,CN,IN,DE->IN,Ocean,FOB,2025-04-29,2025-05-03,2025-05-04,2025-05-09,2025-05-09,Delivered,1881,110.66,9620.48,46595.49,SHIP-90077
PO-10078,Delta Textiles,SG,IN,DE->IN,Ocean,EXW,2025-04-26,2025-05-06,2025-05-09,2025-05-31,2025-06-05,Delayed,1551,75.21,11249.87,19586.95,SHIP-90078
PO-10079,Beta Plastics,US,IN,AE->IN,Air,DAP,2024-03-26,2024-04-05,2024-04-10,2024-04-13,2024-04-14,Delivered,1083,125.91,8407.81,1615.63,SHIP-90079
PO-10080,Crescent Metals,AE,IN,DE->IN,Ocean,CIF,2025-01-02,2025-01-15,2025-01-14,2025-02-01,2025-02-11,Delivered,185,197.06,760.78,2694.23,SHIP-90080
PO-10081,Beta Plastics,SG,IN,US->IN,Ocean,FOB,2025-01-25,2025-01-27,2025-01-24,2025-02-04,2025-02-15,Delivered,1801,166.35,8538.12,65542.16,SHIP-90081
PO-10082,Crescent Metals,AE,IN,AE->IN,Ocean,DAP,2025-02-14,2025-03-05,2025-03-06,2025-04-09,2025-04-08,Delivered,819,103.98,7510.13,13474.75,SHIP-90082
PO-10083,Alpha Components,DE,IN,US->IN,Ocean,CIF,2025-03-15,2025-03-17,2025-03-14,2025-04-14,,In-Transit,1623,230.03,3079.28,23828.9,SHIP-90083
PO-10084,Foxtrot Fasteners,DE,IN,VN->IN,Ocean,DAP,2024-10-28,2024-11-13,2024-11-12,2024-11-28,2024-12-10,Delayed,1878,79.3,9239.31,17455.22,SHIP-90084
PO-10085,Echo Electronics,DE,IN,DE->IN,Road,FOB,2024-06-01,2024-06-17,2024-06-22,2024-07-12,,In-Transit,90,120.59,7864.48,2075.69,SHIP-90085
PO-10086,Crescent Metals,VN,IN,DE->IN,Air,EXW,2024-07-24,2024-08-04,2024-08-05,2024-08-27,2024-09-06,Delayed,920,20.32,11471.73,2865.51,SHIP-90086
PO-10087,Echo Electronics,AE,IN,CN->IN,Ocean,CIF,2024-04-20,2024-05-04,2024-05-10,2024-06-08,2024-06-14,Delivered,946,130.14,3705.51,1797.0,SHIP-90087
PO-10088,Crescent Metals,VN,IN,CN->IN,Ocean,FOB,2024-09-27,2024-10-17,2024-10-15,2024-11-03,2024-11-13,Delivered,1993,172.9,6276.45,83293.85,SHIP-90088
PO-10089,Foxtrot Fasteners,AE,IN,DE->IN,Road,EXW,2024-07-23,2024-08-01,2024-07-31,2024-08-17,,In-Transit,153,116.49,1488.45,2979.64,SHIP-90089
PO-10090,Foxtrot Fasteners,AE,IN,CN->IN,Air,DAP,2024-05-02,2024-05-19,2024-05-22,2024-06-21,2024-07-01,Delivered,773,8.68,9046.02,1245.87,SHIP-90090
PO-10091,Crescent Metals,SG,IN,VN->IN,Air,DAP,2024-01-20,2024-02-06,2024-02-11,2024-03-06,2024-03-06,Delayed,244,234.47,5170.81,2882.15,SHIP-90091
PO-10092,Crescent Metals,DE,IN,CN->IN,Air,DAP,2025-07-18,2025-08-04,2025-08-05,2025-09-04,2025-09-02,Delivered,243,68.39,6254.54,3359.26,SHIP-90092
PO-10093,Beta Plastics,DE,IN,VN->IN,Road,DAP,2024-07-27,2024-08-02,2024-08-01,2024-08-20,,In-Transit,1595,31.18,10578.29,7967.71,SHIP-90093
PO-10094,Delta Textiles,VN,IN,CN->IN,Ocean,DAP,2024-04-16,2024-05-04,2024-05-01,2024-05-16,2024-05-13,Delivered,1805,82.66,7842.69,7511.83,SHIP-90094
PO-10095,Foxtrot Fasteners,AE,IN,US->IN,Air,FOB,2025-04-16,2025-04-23,2025-04-26,2025-05-26,,In-Transit,843,231.72,4768.33,23334.49,SHIP-90095
PO-10096,Echo Electronics,US,IN,DE->IN,Ocean,EXW,2025-02-11,2025-02-17,2025-02-20,2025-03-12,,In-Transit,505,184.88,471.28,6553.41,SHIP-90096
PO-10097,Delta Textiles,SG,IN,CN->IN,Air,DAP,2025-04-04,2025-04-08,2025-04-06,2025-05-13,2025-05-14,Delivered,13,131.95,8811.48,166.23,SHIP-90097
PO-10098,Beta Plastics,SG,IN,DE->IN,Ocean,DAP,2025-02-18,2025-02-28,2025-02-26,2025-03-16,,In-Transit,838,220.13,10749.03,13164.97,SHIP-90098
PO-10099,Delta Textiles,CN,IN,CN->IN,Road,EXW,2024-03-31,2024-04-18,2024-04-21,2024-04-24,2024-04-22,Delivered,363,52.46,1667.7,2729.26,SHIP-90099
PO-10100,Crescent Metals,VN,IN,CN->IN,Ocean,FOB,2025-06-08,2025-06-19,2025-06-19,2025-07-16,2025-07-23,Delayed,1685,189.59,2887.79,12414.18,SHIP-90100
PO-10101,Delta Textiles,VN,IN,US->IN,Ocean,EXW,2025-01-17,2025-02-02,2025-02-02,2025-02-22,2025-02-23,Delivered,574,89.94,4120.35,9375.39,SHIP-90101
PO-10102,Foxtrot Fasteners,VN,IN,AE->IN,Ocean,FOB,2025-05-07,2025-05-14,2025-05-13,2025-06-14,,In-Transit,471,21.42,10020.1,249.23,SHIP-90102
PO-10103,Alpha Components,SG,IN,VN->IN,Air,CIF,2024-05-11,2024-05-16,2024-05-15,2024-05-24,2024-05-25,Delivered,960,52.83,11688.28,361.05,SHIP-90103
PO-10104,Alpha Components,CN,IN,AE->IN,Air,EXW,2024-11-20,2024-12-05,2024-12-02,2025-01-03,,In-Transit,925,79.48,1637.67,17552.1,SHIP-90104
PO-10105,Alpha Components,CN,IN,AE->IN,Air,FOB,2024-11-04,2024-11-09,2024-11-14,2024-11-18,2024-11-22,Delayed,1974,166.92,10432.97,81556.23,SHIP-90105
PO-10106,Beta Plastics,US,IN,AE->IN,Ocean,FOB,2025-03-29,2025-03-31,2025-03-30,2025-04-27,,In-Transit,15,98.11,2676.65,265.78,SHIP-90106
PO-10107,Delta Textiles,SG,IN,SG->IN,Air,DAP,2024-09-03,2024-09-11,2024-09-17,2024-09-22,2024-09-24,Delayed,1360,141.68,9739.87,46232.96,SHIP-90107
PO-10108,Alpha Components,SG,IN,US->IN,Ocean,DAP,2024-04-30,2024-05-10,2024-05-14,2024-06-07,,In-Transit,334,33.4,8707.81,489.82,SHIP-90108
PO-10109,Foxtrot Fasteners,US,IN,VN->IN,Ocean,DAP,2025-05-23,2025-05-31,2025-06-03,2025-06-09,2025-06-14,Delivered,1543,103.18,11011.39,16245.23,SHIP-90109
PO-10110,Crescent Metals,DE,IN,AE->IN,Road,FOB,2025-05-10,2025-05-27,2025-05-27,2025-06-17,2025-06-25,Delivered,1410,17.88,1990.19,2717.62,SHIP-90110
PO-10111,Delta Textiles,DE,IN,CN->IN,Ocean,FOB,2024-09-08,2024-09-21,2024-09-23,2024-10-20,2024-10-31,Delivered,1316,226.91,1254.02,46100.98,SHIP-90111
PO-10112,Crescent Metals,CN,IN,SG->IN,Ocean,FOB,2024-02-10,2024-02-18,2024-02-22,2024-03-10,2024-03-11,Delivered,527,224.11,728.74,24347.21,SHIP-90112
PO-10113,Foxtrot Fasteners,DE,IN,SG->IN,Ocean,FOB,2025-03-22,2025-04-06,2025-04-07,2025-04-14,2025-04-22,Delivered,1398,83.87,5540.15,20307.13,SHIP-90113
PO-10114,Crescent Metals,AE,IN,US->IN,Air,FOB,2025-06-11,2025-06-29,2025-07-03,2025-07-19,2025-07-29,Delivered,997,101.36,2008.37,478.91,SHIP-90114
PO-10115,Beta Plastics,SG,IN,AE->IN,Air,FOB,2024-02-05,2024-02-25,2024-02-25,2024-03-10,2024-03-10,Delivered,769,171.29,8629.3,17417.56,SHIP-90115
PO-10116,Delta Textiles,DE,IN,AE->IN,Road,CIF,2024-07-08,2024-07-26,2024-08-01,2024-08-24,2024-08-26,Delivered,270,184.74,307.07,3769.2,SHIP-90116
PO-10117,Echo Electronics,DE,IN,US->IN,Road,EXW,2024-02-19,2024-03-02,2024-03-04,2024-03-07,,In-Transit,284,136.89,1133.09,7897.81,SHIP-90117
PO-10118,Foxtrot Fasteners,DE,IN,DE->IN,Ocean,DAP,2025-02-18,2025-02-28,2025-03-01,2025-03-06,2025-03-10,Delivered,1916,110.85,8582.67,45610.48,SHIP-90118
PO-10119,Foxtrot Fasteners,DE,IN,SG->IN,Air,CIF,2024-10-09,2024-10-20,2024-10-19,2024-11-09,,In-Transit,1326,226.44,10304.35,44632.55,SHIP-90119
PO-10120,Alpha Components,SG,IN,CN->IN,Road,EXW,2024-10-19,2024-11-02,2024-11-06,2024-12-05,2024-12-04,Delayed,1049,3.32,6896.0,85.87,SHIP-90120
PO-10121,Alpha Components,DE,IN,AE->IN,Ocean,CIF,2024-07-17,2024-07-19,2024-07-16,2024-08-23,2024-08-18,Delivered,1049,210.9,2379.05,39612.98,SHIP-90121
PO-10122,Foxtrot Fasteners,VN,IN,SG->IN,Ocean,FOB,2025-06-02,2025-06-18,2025-06-21,2025-06-26,2025-06-25,Delivered,510,126.32,687.66,8194.43,SHIP-90122
PO-10123,Crescent Metals,DE,IN,VN->IN,Ocean,CIF,2025-03-20,2025-03-27,2025-04-02,2025-04-19,2025-04-26,Delivered,1661,109.38,6206.77,23201.78,SHIP-90123
PO-10124,Foxtrot Fasteners,VN,IN,VN->IN,Ocean,CIF,2024-01-14,2024-01-24,2024-01-24,2024-01-29,,In-Transit,695,232.74,5310.9,26373.74,SHIP-90124
PO-10125,Crescent Metals,AE,IN,US->IN,Air,CIF,2024-07-29,2024-08-06,2024-08-12,2024-09-08,,In-Transit,1765,85.25,10195.8,5571.62,SHIP-90125
PO-10126,Echo Electronics,AE,IN,SG->IN,Air,FOB,2024-03-05,2024-03-23,2024-03-26,2024-03-31,2024-03-31,Delivered,853,146.96,2657.74,9578.6,SHIP-90126
PO-10127,Crescent Metals,SG,IN,US->IN,Ocean,CIF,2024-06-21,2024-07-07,2024-07-04,2024-08-02,,In-Transit,1092,205.84,4630.68,55059.77,SHIP-90127
PO-10128,Foxtrot Fasteners,CN,IN,VN->IN,Ocean,EXW,2025-03-22,2025-03-29,2025-03-28,2025-05-03,,In-Transit,1861,156.1,118.06,47407.75,SHIP-90128
PO-10129,Foxtrot Fasteners,CN,IN,SG->IN,Ocean,DAP,2024-09-12,2024-09-24,2024-09-22,2024-10-14,2024-10-26,Delivered,1866,171.28,9289.02,64711.53,SHIP-90129
PO-10130,Crescent Metals,AE,IN,US->IN,Road,FOB,2024-06-14,2024-06-30,2024-07-04,2024-07-30,2024-08-08,Delayed,83,126.44,7677.29,2127.21,SHIP-90130
PO-10131,Echo Electronics,VN,IN,SG->IN,Air,DAP,2025-04-26,2025-05-02,2025-05-04,2025-05-18,2025-05-19,Delivered,1610,249.18,5057.21,99262.35,SHIP-90131
PO-10132,Echo Electronics,US,IN,SG->IN,Air,EXW,2025-05-21,2025-06-05,2025-06-06,2025-06-25,2025-07-02,Delivered,1994,199.7,944.13,92507.87,SHIP-90132
PO-10133,Alpha Components,US,IN,US->IN,Ocean,FOB,2025-06-16,2025-07-02,2025-07-03,2025-07-28,2025-08-09,Delayed,1700,92.31,5624.47,21342.89,SHIP-90133
PO-10134,Delta Textiles,SG,IN,AE->IN,Ocean,EXW,2025-05-24,2025-06-12,2025-06-11,2025-06-19,2025-06-30,Delayed,761,201.45,10071.91,19024.48,SHIP-90134
PO-10135,Foxtrot Fasteners,SG,IN,AE->IN,Air,EXW,2024-10-16,2024-10-26,2024-10-23,2024-11-04,2024-11-01,Delivered,1722,168.53,3039.02,43778.19,SHIP-90135
PO-10136,Crescent Metals,VN,IN,DE->IN,Air,CIF,2024-02-28,2024-03-13,2024-03-10,2024-03-26,,In-Transit,457,20.82,9824.43,2269.74,SHIP-90136
PO-10137,Alpha Components,DE,IN,AE->IN,Ocean,CIF,2024-05-12,2024-05-22,2024-05-21,2024-06-05,,In-Transit,1214,165.5,10873.33,7998.31,SHIP-90137
PO-10138,Foxtrot Fasteners,CN,IN,VN->IN,Air,EXW,2024-06-19,2024-06-28,2024-06-25,2024-07-21,2024-07-27,Delivered,529,33.49,10361.02,1236.27,SHIP-90138
PO-10139,Foxtrot Fasteners,AE,IN,SG->IN,Ocean,FOB,2024-02-01,2024-02-08,2024-02-05,2024-02-20,2024-02-16,Delivered,875,231.24,11903.21,17387.75,SHIP-90139
PO-10140,Beta Plastics,VN,IN,AE->IN,Ocean,DAP,2024-08-10,2024-08-26,2024-08-28,2024-09-04,,Cancelled,1328,109.33,1647.36,21530.18,SHIP-90140
PO-10141,Crescent Metals,VN,IN,VN->IN,Ocean,FOB,2024-09-17,2024-09-18,2024-09-20,2024-10-03,,In-Transit,1393,99.74,520.01,1953.89,SHIP-90141
PO-10142,Beta Plastics,US,IN,VN->IN,Road,FOB,2024-01-16,2024-01-28,2024-02-01,2024-02-09,,In-Transit,1366,97.7,3849.96,20744.92,SHIP-90142
PO-10143,Echo Electronics,US,IN,US->IN,Ocean,CIF,2025-02-02,2025-02-21,2025-02-19,2025-03-04,2025-03-02,Delivered,1221,63.61,573.15,13561.77,SHIP-90143
PO-10144,Echo Electronics,AE,IN,US->IN,Ocean,FOB,2024-06-11,2024-06-25,2024-06-23,2024-07-20,,In-Transit,559,196.4,9120.34,6098.48,SHIP-90144
PO-10145,Beta Plastics,CN,IN,AE->IN,Ocean,EXW,2024-11-16,2024-11-17,2024-11-14,2024-12-15,2024-12-22,Delivered,935,51.99,6647.15,8088.3,SHIP-90145
PO-10146,Delta Textiles,SG,IN,US->IN,Air,EXW,2024-04-28,2024-05-04,2024-05-06,2024-06-05,2024-06-01,Delivered,301,134.6,2177.91,8151.55,SHIP-90146
PO-10147,Crescent Metals,VN,IN,CN->IN,Air,FOB,2025-01-08,2025-01-28,2025-01-28,2025-02-10,,In-Transit,374,138.75,7186.73,2773.12,SHIP-90147
PO-10148,Alpha Components,SG,IN,US->IN,Air,EXW,2024-02-08,2024-02-27,2024-02-29,2024-03-26,2024-03-25,Delivered,1117,135.65,2440.23,492.34,SHIP-90148
PO-10149,Beta Plastics,AE,IN,VN->IN,Ocean,DAP,2024-02-24,2024-02-25,2024-02-24,2024-03-15,2024-03-09,Delivered,539,194.38,11982.22,11044.85,SHIP-90149
PO-10150,Foxtrot Fasteners,CN,IN,DE->IN,Ocean,DAP,2024-05-05,2024-05-21,2024-05-27,2024-06-16,2024-06-10,Delivered,1688,190.12,441.33,13714.28,SHIP-90150
PO-10151,Foxtrot Fasteners,DE,IN,US->IN,Air,EXW,2024-05-15,2024-05-17,2024-05-17,2024-06-20,2024-06-22,Delivered,679,57.46,3381.82,9303.92,SHIP-90151
PO-10152,Delta Textiles,VN,IN,AE->IN,Road,EXW,2025-03-09,2025-03-23,2025-03-21,2025-03-30,2025-04-06,Delayed,1068,19.36,9367.23,1018.23,SHIP-90152
PO-10153,Crescent Metals,CN,IN,VN->IN,Road,FOB,2024-09-13,2024-09-19,2024-09-20,2024-10-09,2024-10-05,Delivered,1256,202.59,9371.55,48040.08,SHIP-90153
PO-10154,Beta Plastics,AE,IN,VN->IN,Air,DAP,2025-07-01,2025-07-11,2025-07-15,2025-07-26,2025-08-02,Delivered,43,245.39,5620.53,1770.43,SHIP-90154
PO-10155,Echo Electronics,CN,IN,US->IN,Ocean,CIF,2025-02-20,2025-02-26,2025-02-25,2025-03-24,,In-Transit,987,150.64,3827.1,9474.04,SHIP-90155
PO-10156,Crescent Metals,CN,IN,DE->IN,Air,DAP,2024-11-16,2024-11-21,2024-11-20,2024-12-23,2024-12-24,Delivered,1251,140.75,2707.51,31071.73,SHIP-90156
PO-10157,Delta Textiles,CN,IN,US->IN,Air,EXW,2024-07-09,2024-07-12,2024-07-18,2024-07-30,,In-Transit,1928,197.5,11030.0,20107.6,SHIP-90157
PO-10158,Crescent Metals,CN,IN,AE->IN,Air,CIF,2024-01-24,2024-01-28,2024-02-03,2024-02-17,2024-02-26,Delivered,1672,111.71,6378.48,3484.48,SHIP-90158
PO-10159,Foxtrot Fasteners,DE,IN,AE->IN,Air,CIF,2024-07-28,2024-07-29,2024-07-28,2024-08-19,2024-08-28,Delivered,409,49.61,7163.84,2410.33,SHIP-90159
PO-10160,Delta Textiles,VN,IN,VN->IN,Ocean,EXW,2025-04-13,2025-04-15,2025-04-18,2025-04-26,2025-04-25,Delivered,1607,81.83,7399.16,17631.65,SHIP-90160
PO-10161,Alpha Components,AE,IN,AE->IN,Air,FOB,2025-02-08,2025-02-18,2025-02-21,2025-03-21,2025-03-17,Delivered,436,75.4,5792.69,7716.68,SHIP-90161
PO-10162,Foxtrot Fasteners,AE,IN,AE->IN,Air,EXW,2025-07-03,2025-07-06,2025-07-07,2025-08-10,,In-Transit,1396,233.94,3509.25,4456.82,SHIP-90162
PO-10163,Foxtrot Fasteners,US,IN,VN->IN,Road,EXW,2024-02-23,2024-03-08,2024-03-14,2024-03-23,,In-Transit,457,87.01,9850.66,421.56,SHIP-90163
PO-10164,Delta Textiles,US,IN,US->IN,Ocean,DAP,2024-07-28,2024-08-11,2024-08-10,2024-09-13,2024-09-16,Delivered,1337,122.87,5261.46,4441.25,SHIP-90164
PO-10165,Foxtrot Fasteners,VN,IN,US->IN,Ocean,EXW,2024-01-28,2024-02-05,2024-02-02,2024-02-14,,In-Transit,1784,233.31,4075.03,59077.41,SHIP-90165
PO-10166,Alpha Components,AE,IN,CN->IN,Ocean,CIF,2024-10-24,2024-11-04,2024-11-04,2024-11-09,2024-11-08,Delivered,1601,235.23,3424.45,27960.03,SHIP-90166
PO-10167,Crescent Metals,SG,IN,CN->IN,Ocean,EXW,2024-11-07,2024-11-20,2024-11-25,2024-12-25,,In-Transit,1942,138.45,3491.4,40754.55,SHIP-90167
PO-10168,Delta Textiles,CN,IN,CN->IN,Ocean,EXW,2025-05-22,2025-06-11,2025-06-09,2025-06-27,,In-Transit,499,139.69,1985.29,1041.4,SHIP-90168
PO-10169,Delta Textiles,SG,IN,DE->IN,Ocean,CIF,2024-03-06,2024-03-08,2024-03-14,2024-03-22,2024-04-02,Delivered,1330,186.47,11559.72,32736.61,SHIP-90169
PO-10170,Alpha Components,US,IN,CN->IN,Ocean,DAP,2024-04-19,2024-04-24,2024-04-27,2024-05-02,2024-05-03,Delayed,1492,159.23,2611.86,5675.23,SHIP-90170
PO-10171,Delta Textiles,AE,IN,VN->IN,Ocean,FOB,2024-10-28,2024-11-12,2024-11-09,2024-12-12,2024-12-21,Delivered,770,22.97,2773.13,1444.72,SHIP-90171
PO-10172,Crescent Metals,AE,IN,US->IN,Ocean,CIF,2024-11-08,2024-11-13,2024-11-19,2024-11-24,2024-11-30,Delayed,881,113.86,7074.61,8270.64,SHIP-90172
PO-10173,Alpha Components,CN,IN,AE->IN,Air,EXW,2024-10-23,2024-11-06,2024-11-12,2024-11-13,,In-Transit,1462,167.14,327.35,43139.33,SHIP-90173
PO-10174,Delta Textiles,US,IN,CN->IN,Ocean,CIF,2025-05-03,2025-05-07,2025-05-05,2025-06-03,,In-Transit,315,35.43,9141.67,2095.41,SHIP-90174
PO-10175,Alpha Components,CN,IN,SG->IN,Ocean,EXW,2024-09-25,2024-10-02,2024-10-03,2024-10-21,2024-10-22,Delayed,1055,45.41,203.5,10971.55,SHIP-90175
PO-10176,Crescent Metals,US,IN,CN->IN,Road,DAP,2024-03-14,2024-03-25,2024-03-24,2024-04-25,2024-04-21,Delivered,1521,152.79,9842.5,13844.95,SHIP-90176
PO-10177,Alpha Components,SG,IN,US->IN,Ocean,FOB,2024-09-23,2024-09-27,2024-10-02,2024-10-05,2024-10-04,Delivered,704,142.31,9654.41,2547.08,SHIP-90177
PO-10178,Beta Plastics,US,IN,VN->IN,Road,CIF,2024-01-13,2024-01-23,2024-01-25,2024-02-08,2024-02-02,Delivered,1180,9.18,11425.34,2331.29,SHIP-90178
PO-10179,Foxtrot Fasteners,US,IN,DE->IN,Ocean,FOB,2025-05-02,2025-05-07,2025-05-11,2025-05-21,2025-05-18,Delivered,859,149.86,7244.92,3158.82,SHIP-90179
PO-10180,Beta Plastics,US,IN,CN->IN,Ocean,EXW,2024-07-03,2024-07-19,2024-07-22,2024-08-06,,In-Transit,1497,174.53,6549.24,63452.99,SHIP-90180
PO-10181,Foxtrot Fasteners,CN,IN,VN->IN,Ocean,FOB,2024-12-31,2025-01-06,2025-01-07,2025-01-22,2025-01-28,Delivered,1429,120.45,3926.17,13570.87,SHIP-90181
PO-10182,Echo Electronics,DE,IN,CN->IN,Ocean,EXW,2024-11-27,2024-12-05,2024-12-02,2024-12-27,2024-12-28,Delivered,392,88.49,2353.23,1633.73,SHIP-90182
PO-10183,Foxtrot Fasteners,DE,IN,SG->IN,Ocean,FOB,2024-12-13,2024-12-14,2024-12-19,2025-01-08,2025-01-20,Delivered,954,209.67,8312.78,6853.18,SHIP-90183
PO-10184,Delta Textiles,CN,IN,DE->IN,Road,DAP,2025-02-26,2025-03-09,2025-03-06,2025-03-28,2025-03-26,Delivered,671,180.26,2429.27,15139.58,SHIP-90184
PO-10185,Echo Electronics,DE,IN,AE->IN,Air,CIF,2025-07-11,2025-07-24,2025-07-30,2025-08-25,2025-08-24,Delivered,27,68.25,6343.06,405.57,SHIP-90185
PO-10186,Echo Electronics,DE,IN,US->IN,Air,DAP,2024-12-22,2024-12-23,2024-12-28,2025-01-03,2025-01-02,Delivered,905,228.36,9970.37,33139.33,SHIP-90186
PO-10187,Delta Textiles,VN,IN,CN->IN,Air,EXW,2024-03-27,2024-04-05,2024-04-08,2024-04-23,,In-Transit,417,236.86,10998.14,3374.12,SHIP-90187
PO-10188,Beta Plastics,VN,IN,AE->IN,Ocean,EXW,2025-07-24,2025-07-29,2025-07-28,2025-08-10,2025-08-18,Delivered,180,191.14,3804.76,4556.93,SHIP-90188
PO-10189,Foxtrot Fasteners,CN,IN,US->IN,Air,EXW,2024-02-03,2024-02-23,2024-02-28,2024-03-08,2024-03-06,Delivered,1536,156.34,2887.17,32695.95,SHIP-90189
PO-10190,Echo Electronics,VN,IN,US->IN,Air,DAP,2024-07-22,2024-08-03,2024-08-01,2024-08-18,,In-Transit,28,104.49,10278.23,592.26,SHIP-90190
PO-10191,Beta Plastics,SG,IN,AE->IN,Ocean,DAP,2024-10-04,2024-10-16,2024-10-20,2024-11-05,2024-11-05,Delivered,1329,163.79,7961.96,49778.76,SHIP-90191
PO-10192,Crescent Metals,US,IN,VN->IN,Ocean,FOB,2024-08-31,2024-09-13,2024-09-19,2024-09-29,,In-Transit,131,115.21,2609.45,224.46,SHIP-90192
PO-10193,Alpha Components,CN,IN,CN->IN,Air,DAP,2024-05-10,2024-05-26,2024-05-23,2024-06-20,2024-06-19,Delayed,936,104.18,8944.56,10194.14,SHIP-90193
PO-10194,Crescent Metals,US,IN,DE->IN,Ocean,EXW,2024-11-12,2024-11-26,2024-11-30,2024-12-13,2024-12-21,Delivered,1003,63.84,3690.59,2078.26,SHIP-90194
PO-10195,Beta Plastics,VN,IN,DE->IN,Air,DAP,2024-03-14,2024-03-28,2024-03-29,2024-04-24,,In-Transit,1459,122.49,8995.2,100.75,SHIP-90195
PO-10196,Beta Plastics,CN,IN,DE->IN,Ocean,FOB,2025-02-25,2025-03-02,2025-02-27,2025-03-10,2025-03-12,Delivered,1020,139.92,7401.52,12837.22,SHIP-90196
PO-10197,Alpha Components,VN,IN,US->IN,Ocean,FOB,2024-12-04,2024-12-19,2024-12-18,2025-01-08,2025-01-15,Delivered,1338,63.84,5847.23,11380.92,SHIP-90197
PO-10198,Echo Electronics,VN,IN,VN->IN,Ocean,CIF,2024-05-15,2024-05-28,2024-05-26,2024-06-04,2024-06-08,Delivered,355,202.4,9588.9,14904.93,SHIP-90198
PO-10199,Delta Textiles,US,IN,SG->IN,Road,EXW,2024-02-05,2024-02-11,2024-02-08,2024-02-21,2024-02-25,Delivered,1901,199.74,2723.58,92880.1,SHIP-90199
PO-10200,Beta Plastics,CN,IN,AE->IN,Ocean,EXW,2024-08-21,2024-08-22,2024-08-24,2024-09-23,,In-Transit,1414,194.16,11721.77,31866.31,SHIP-90200
PO-10201,Alpha Components,US,IN,CN->IN,Road,CIF,2024-11-08,2024-11-24,2024-11-21,2024-12-23,,In-Transit,1621,198.18,7136.36,58253.49,SHIP-90201
PO-10202,Alpha Components,CN,IN,DE->IN,Ocean,FOB,2024-05-07,2024-05-16,2024-05-17,2024-05-29,2024-06-01,Delivered,1109,115.31,10047.63,10996.13,SHIP-90202
PO-10203,Echo Electronics,CN,IN,US->IN,Ocean,CIF,2024-02-19,2024-02-24,2024-02-29,2024-03-19,2024-03-29,Delivered,369,231.35,6773.21,15336.69,SHIP-90203
PO-10204,Delta Textiles,SG,IN,AE->IN,Air,EXW,2024-11-01,2024-11-03,2024-11-02,2024-11-14,2024-11-11,Delivered,521,219.76,3569.36,7895.27,SHIP-90204
PO-10205,Crescent Metals,SG,IN,AE->IN,Road,EXW,2024-01-15,2024-01-23,2024-01-21,2024-02-16,,In-Transit,1371,232.97,4849.25,4123.2,SHIP-90205
PO-10206,Crescent Metals,VN,IN,SG->IN,Air,FOB,2025-03-10,2025-03-13,2025-03-10,2025-04-13,2025-04-08,Delayed,997,189.18,11153.5,20597.85,SHIP-90206
PO-10207,Delta Textiles,SG,IN,CN->IN,Air,DAP,2025-04-03,2025-04-19,2025-04-18,2025-04-24,2025-04-29,Delivered,1166,223.83,10540.91,27217.44,SHIP-90207
PO-10208,Echo Electronics,SG,IN,DE->IN,Ocean,CIF,2025-07-29,2025-08-16,2025-08-18,2025-09-14,,In-Transit,1338,134.53,11713.1,22781.63,SHIP-90208
PO-10209,Crescent Metals,CN,IN,AE->IN,Ocean,DAP,2024-08-02,2024-08-19,2024-08-25,2024-09-02,2024-09-10,Delivered,1170,211.38,2495.22,44866.69,SHIP-90209
PO-10210,Alpha Components,US,IN,SG->IN,Air,EXW,2024-07-17,2024-07-23,2024-07-21,2024-07-28,2024-07-24,Delayed,1222,193.85,513.72,39707.93,SHIP-90210
PO-10211,Foxtrot Fasteners,SG,IN,CN->IN,Ocean,DAP,2025-06-07,2025-06-16,2025-06-14,2025-07-03,,In-Transit,1483,95.99,7528.15,14356.14,SHIP-90211
PO-10212,Alpha Components,DE,IN,DE->IN,Road,CIF,2024-07-05,2024-07-17,2024-07-14,2024-08-14,,Cancelled,1294,115.8,3304.49,29578.99,SHIP-90212
PO-10213,Alpha Components,SG,IN,AE->IN,Ocean,EXW,2024-12-01,2024-12-19,2024-12-17,2024-12-31,,In-Transit,449,25.32,3178.83,2719.27,SHIP-90213
PO-10214,Alpha Components,AE,IN,VN->IN,Ocean,EXW,2024-05-03,2024-05-09,2024-05-10,2024-06-11,2024-06-18,Delivered,949,225.74,7072.73,33671.83,SHIP-90214
PO-10215,Crescent Metals,US,IN,SG->IN,Ocean,CIF,2024-11-15,2024-11-24,2024-11-27,2024-12-07,2024-12-07,Delivered,761,67.58,7967.85,7260.53,SHIP-90215
PO-10216,Beta Plastics,US,IN,AE->IN,Ocean,EXW,2024-03-21,2024-03-25,2024-03-27,2024-03-31,2024-03-29,Delayed,1100,43.36,10731.71,7141.97,SHIP-90216
PO-10217,Crescent Metals,DE,IN,SG->IN,Ocean,FOB,2024-04-26,2024-05-03,2024-05-03,2024-05-28,2024-06-03,Delivered,114,141.21,5635.37,1088.32,SHIP-90217
PO-10218,Echo Electronics,CN,IN,AE->IN,Road,EXW,2025-06-05,2025-06-20,2025-06-18,2025-07-03,,In-Transit,1097,98.79,4502.27,1052.19,SHIP-90218
PO-10219,Beta Plastics,VN,IN,SG->IN,Ocean,CIF,2024-02-11,2024-02-20,2024-02-26,2024-02-25,2024-03-05,Delivered,819,220.74,10814.92,13501.56,SHIP-90219
PO-10220,Crescent Metals,SG,IN,US->IN,Ocean,FOB,2025-02-19,2025-02-20,2025-02-25,2025-02-27,2025-03-07,Delivered,1974,134.63,3851.62,20773.55,SHIP-90220
PO-10221,Crescent Metals,SG,IN,US->IN,Air,FOB,2024-06-28,2024-07-02,2024-07-06,2024-07-14,,In-Transit,414,105.38,5809.02,4881.39,SHIP-90221
PO-10222,Echo Electronics,DE,IN,US->IN,Ocean,CIF,2024-11-21,2024-11-25,2024-11-25,2024-12-21,2024-12-25,Delivered,595,200.25,1742.27,11983.03,SHIP-90222
PO-10223,Alpha Components,CN,IN,SG->IN,Ocean,FOB,2024-07-13,2024-07-17,2024-07-14,2024-08-04,,Cancelled,984,59.18,11981.9,9583.87,SHIP-90223
PO-10224,Crescent Metals,AE,IN,VN->IN,Air,EXW,2025-03-17,2025-03-19,2025-03-16,2025-04-01,2025-04-09,Delivered,1538,145.26,7156.71,5614.39,SHIP-90224
PO-10225,Delta Textiles,DE,IN,SG->IN,Road,CIF,2024-06-07,2024-06-26,2024-07-02,2024-07-28,,In-Transit,15,204.9,1964.64,374.49,SHIP-90225
PO-10226,Delta Textiles,AE,IN,SG->IN,Ocean,FOB,2025-06-08,2025-06-12,2025-06-09,2025-07-10,2025-07-22,Delivered,1684,71.97,1718.35,15626.91,SHIP-90226
PO-10227,Delta Textiles,VN,IN,DE->IN,Air,FOB,2024-02-09,2024-02-22,2024-02-25,2024-03-11,2024-03-18,Delayed,844,217.67,8946.46,12617.39,SHIP-90227
PO-10228,Alpha Components,CN,IN,CN->IN,Air,EXW,2024-08-24,2024-09-13,2024-09-17,2024-10-02,,In-Transit,775,139.56,4267.1,17984.1,SHIP-90228
PO-10229,Alpha Components,VN,IN,US->IN,Air,FOB,2025-02-21,2025-02-27,2025-02-26,2025-03-10,2025-03-08,Delivered,1164,185.43,6831.7,8519.86,SHIP-90229
PO-10230,Beta Plastics,US,IN,SG->IN,Air,EXW,2025-03-30,2025-04-11,2025-04-17,2025-05-13,,In-Transit,1506,64.42,304.77,14156.61,SHIP-90230
PO-10231,Crescent Metals,CN,IN,SG->IN,Air,FOB,2024-06-05,2024-06-24,2024-06-24,2024-07-04,2024-07-01,Delivered,1625,218.45,4735.4,78700.31,SHIP-90231
PO-10232,Delta Textiles,US,IN,SG->IN,Air,FOB,2024-02-07,2024-02-11,2024-02-13,2024-02-27,,In-Transit,1167,27.91,7578.52,5716.85,SHIP-90232
PO-10233,Crescent Metals,US,IN,DE->IN,Ocean,DAP,2024-05-01,2024-05-07,2024-05-07,2024-06-06,2024-06-11,Delivered,1557,51.3,1623.35,5485.67,SHIP-90233
PO-10234,Crescent Metals,DE,IN,CN->IN,Air,DAP,2024-04-04,2024-04-20,2024-04-18,2024-05-18,2024-05-25,Delivered,973,99.11,11924.34,17059.02,SHIP-90234
PO-10235,Beta Plastics,VN,IN,CN->IN,Ocean,CIF,2024-10-05,2024-10-25,2024-10-29,2024-11-04,,In-Transit,1042,181.55,6394.04,46053.92,SHIP-90235
PO-10236,Foxtrot Fasteners,AE,IN,AE->IN,Road,DAP,2025-07-16,2025-07-24,2025-07-21,2025-08-03,2025-08-10,Delivered,1744,52.42,2351.48,20255.05,SHIP-90236
PO-10237,Alpha Components,DE,IN,US->IN,Air,DAP,2024-01-27,2024-02-03,2024-02-06,2024-02-11,2024-02-22,Delivered,1430,120.79,6393.58,18694.62,SHIP-90237
PO-10238,Alpha Components,US,IN,US->IN,Air,EXW,2024-11-29,2024-11-30,2024-11-30,2025-01-04,2024-12-31,Delayed,757,117.92,3736.43,15220.34,SHIP-90238
PO-10239,Echo Electronics,AE,IN,VN->IN,Ocean,CIF,2024-03-03,2024-03-06,2024-03-09,2024-03-24,2024-03-30,Delivered,105,178.37,9471.63,4475.33,SHIP-90239
PO-10240,Echo Electronics,CN,IN,AE->IN,Air,EXW,2025-07-25,2025-07-30,2025-08-05,2025-08-06,2025-08-15,Delivered,1949,93.92,6232.09,40489.46,SHIP-90240
PO-10241,Alpha Components,SG,IN,VN->IN,Ocean,FOB,2025-03-13,2025-03-27,2025-03-26,2025-04-18,2025-04-24,Delivered,1693,179.24,9859.0,32251.15,SHIP-90241
PO-10242,Alpha Components,AE,IN,VN->IN,Ocean,EXW,2025-02-14,2025-03-05,2025-03-08,2025-03-28,2025-03-25,Delivered,1937,110.29,1267.98,37129.92,SHIP-90242
PO-10243,Beta Plastics,AE,IN,AE->IN,Ocean,EXW,2024-03-01,2024-03-10,2024-03-09,2024-03-17,2024-03-12,Delivered,1571,123.23,11460.79,11918.82,SHIP-90243
PO-10244,Foxtrot Fasteners,CN,IN,SG->IN,Air,CIF,2025-04-12,2025-05-02,2025-05-05,2025-05-20,2025-05-29,Delayed,1452,193.75,11599.47,5346.19,SHIP-90244
PO-10245,Beta Plastics,US,IN,CN->IN,Ocean,EXW,2024-02-21,2024-03-02,2024-03-08,2024-04-02,2024-04-08,Delivered,996,126.09,4893.53,22430.29,SHIP-90245
PO-10246,Foxtrot Fasteners,SG,IN,CN->IN,Ocean,CIF,2024-11-17,2024-11-26,2024-11-27,2024-12-24,2025-01-04,Delayed,1753,150.01,11479.06,18788.34,SHIP-90246
PO-10247,Foxtrot Fasteners,DE,IN,VN->IN,Road,FOB,2024-01-30,2024-02-14,2024-02-15,2024-02-19,2024-02-29,Delivered,996,153.52,11387.52,31506.42,SHIP-90247
PO-10248,Crescent Metals,SG,IN,SG->IN,Road,CIF,2024-10-29,2024-11-08,2024-11-12,2024-11-17,2024-11-16,Delivered,676,94.11,5085.58,11198.25,SHIP-90248
PO-10249,Alpha Components,US,IN,AE->IN,Ocean,EXW,2025-08-03,2025-08-19,2025-08-19,2025-09-04,,In-Transit,348,95.68,8467.88,1851.38,SHIP-90249
PO-10250,Beta Plastics,SG,IN,US->IN,Air,CIF,2024-11-30,2024-12-20,2024-12-22,2025-01-18,2025-01-22,Delivered,1512,71.85,2988.49,8697.39,SHIP-90250
PO-10251,Crescent Metals,VN,IN,US->IN,Ocean,FOB,2024-12-23,2024-12-24,2024-12-25,2025-01-22,2025-01-20,Delivered,461,221.94,1063.24,24165.28,SHIP-90251
PO-10252,Alpha Components,DE,IN,SG->IN,Air,EXW,2024-04-17,2024-04-23,2024-04-21,2024-05-20,2024-05-14,Delayed,1263,88.06,10658.43,6202.83,SHIP-90252
PO-10253,Delta Textiles,SG,IN,DE->IN,Road,DAP,2025-03-30,2025-03-31,2025-03-29,2025-05-02,2025-05-12,Delivered,1133,74.67,9029.98,12314.88,SHIP-90253
PO-10254,Alpha Components,SG,IN,DE->IN,Road,FOB,2024-10-24,2024-11-01,2024-11-06,2024-11-15,2024-11-14,Delivered,1069,153.61,7802.58,29206.21,SHIP-90254
PO-10255,Alpha Components,VN,IN,AE->IN,Air,FOB,2025-04-04,2025-04-05,2025-04-06,2025-05-08,2025-05-07,Delivered,993,42.56,8821.46,5245.39,SHIP-90255
PO-10256,Echo Electronics,VN,IN,AE->IN,Ocean,DAP,2025-01-10,2025-01-27,2025-01-30,2025-02-21,2025-02-17,Delayed,1747,94.64,661.6,32967.06,SHIP-90256
PO-10257,Delta Textiles,AE,IN,VN->IN,Ocean,CIF,2024-11-04,2024-11-19,2024-11-21,2024-11-28,,In-Transit,1663,196.75,9610.85,34296.16,SHIP-90257
PO-10258,Delta Textiles,US,IN,AE->IN,Ocean,FOB,2024-07-17,2024-07-26,2024-07-30,2024-08-12,,In-Transit,900,112.67,6549.59,4451.4,SHIP-90258
PO-10259,Beta Plastics,US,IN,CN->IN,Air,DAP,2025-07-11,2025-07-14,2025-07-20,2025-08-05,,In-Transit,1227,41.4,2240.72,9328.3,SHIP-90259
PO-10260,Alpha Components,AE,IN,VN->IN,Ocean,FOB,2025-06-01,2025-06-19,2025-06-18,2025-06-24,2025-07-03,Delayed,396,11.15,730.2,486.51,SHIP-90260
PO-10261,Foxtrot Fasteners,DE,IN,US->IN,Air,CIF,2025-05-06,2025-05-07,2025-05-07,2025-05-16,2025-05-26,Delivered,1008,169.9,8013.26,28335.49,SHIP-90261
PO-10262,Alpha Components,DE,IN,DE->IN,Ocean,DAP,2024-09-21,2024-09-29,2024-10-05,2024-10-09,2024-10-17,Delivered,269,163.04,4445.03,8724.62,SHIP-90262
PO-10263,Crescent Metals,AE,IN,AE->IN,Road,DAP,2024-05-02,2024-05-22,2024-05-19,2024-06-13,,In-Transit,1616,105.07,998.46,37063.35,SHIP-90263
PO-10264,Echo Electronics,AE,IN,SG->IN,Road,DAP,2024-05-27,2024-05-30,2024-05-28,2024-06-16,2024-06-21,Delivered,1986,243.58,6117.71,74679.22,SHIP-90264
PO-10265,Alpha Components,DE,IN,CN->IN,Ocean,EXW,2024-01-24,2024-01-25,2024-01-30,2024-02-14,2024-02-14,Delivered,226,66.07,10917.94,1977.07,SHIP-90265
PO-10266,Echo Electronics,CN,IN,DE->IN,Ocean,FOB,2024-09-13,2024-09-18,2024-09-23,2024-09-23,,In-Transit,659,74.6,3065.66,312.16,SHIP-90266
PO-10267,Beta Plastics,DE,IN,SG->IN,Air,DAP,2025-04-02,2025-04-03,2025-04-06,2025-04-18,2025-04-14,Delivered,1814,22.61,8671.02,377.21,SHIP-90267
PO-10268,Foxtrot Fasteners,VN,IN,SG->IN,Road,EXW,2024-01-30,2024-02-08,2024-02-08,2024-03-01,,In-Transit,1077,189.75,3924.73,9020.48,SHIP-90268
PO-10269,Delta Textiles,SG,IN,SG->IN,Ocean,DAP,2024-11-04,2024-11-07,2024-11-13,2024-11-18,2024-11-23,Delivered,1661,171.25,10087.38,62965.95,SHIP-90269
PO-10270,Delta Textiles,VN,IN,CN->IN,Air,FOB,2025-02-14,2025-02-27,2025-02-27,2025-03-12,2025-03-21,Delivered,665,93.33,4750.47,12420.44,SHIP-90270
PO-10271,Delta Textiles,CN,IN,US->IN,Road,DAP,2024-09-16,2024-10-04,2024-10-06,2024-11-06,,In-Transit,960,120.91,8191.82,23336.23,SHIP-90271
PO-10272,Beta Plastics,CN,IN,CN->IN,Ocean,EXW,2024-10-04,2024-10-09,2024-10-07,2024-11-02,2024-11-06,Delivered,197,236.06,6533.11,1471.65,SHIP-90272
PO-10273,Alpha Components,CN,IN,AE->IN,Ocean,CIF,2025-06-11,2025-06-18,2025-06-19,2025-07-07,2025-07-11,Delivered,1585,37.19,4006.35,8613.69,SHIP-90273
PO-10274,Foxtrot Fasteners,SG,IN,VN->IN,Ocean,FOB,2024-06-26,2024-07-06,2024-07-03,2024-08-07,,In-Transit,1783,187.18,2308.78,79575.97,SHIP-90274
PO-10275,Delta Textiles,US,IN,US->IN,Air,EXW,2024-06-30,2024-07-12,2024-07-15,2024-08-11,,In-Transit,1049,245.8,9909.48,36878.82,SHIP-90275
PO-10276,Foxtrot Fasteners,AE,IN,DE->IN,Ocean,DAP,2025-03-29,2025-03-30,2025-04-03,2025-04-27,2025-04-30,Delivered,267,92.4,11276.84,402.98,SHIP-90276
PO-10277,Alpha Components,CN,IN,DE->IN,Ocean,EXW,2025-04-25,2025-05-13,2025-05-16,2025-06-05,2025-06-07,Delivered,974,248.86,4356.85,41584.79,SHIP-90277
PO-10278,Crescent Metals,DE,IN,AE->IN,Ocean,DAP,2025-07-23,2025-08-04,2025-08-03,2025-08-11,2025-08-22,Delayed,168,135.69,10186.43,1791.71,SHIP-90278
PO-10279,Foxtrot Fasteners,VN,IN,AE->IN,Ocean,FOB,2024-04-11,2024-04-25,2024-04-26,2024-05-10,2024-05-15,Delivered,768,90.47,4339.96,10314.66,SHIP-90279
PO-10280,Foxtrot Fasteners,DE,IN,VN->IN,Air,FOB,2024-12-11,2024-12-20,2024-12-21,2025-01-08,,In-Transit,1790,85.71,9756.9,36100.96,SHIP-90280
PO-10281,Crescent Metals,AE,IN,SG->IN,Air,FOB,2024-06-08,2024-06-26,2024-07-02,2024-07-19,,Cancelled,1862,33.86,8869.13,8690.97,SHIP-90281
PO-10282,Foxtrot Fasteners,SG,IN,AE->IN,Air,FOB,2024-04-13,2024-04-18,2024-04-24,2024-05-05,2024-05-12,Delivered,463,43.11,9100.33,2496.08,SHIP-90282
PO-10283,Crescent Metals,AE,IN,VN->IN,Ocean,EXW,2025-02-06,2025-02-13,2025-02-11,2025-03-19,,In-Transit,770,80.69,6863.09,14704.57,SHIP-90283
PO-10284,Crescent Metals,CN,IN,CN->IN,Air,EXW,2025-06-30,2025-07-15,2025-07-13,2025-08-11,,In-Transit,1779,2.23,7961.39,712.64,SHIP-90284
PO-10285,Foxtrot Fasteners,SG,IN,US->IN,Road,CIF,2024-07-23,2024-08-11,2024-08-17,2024-09-15,,In-Transit,567,75.97,4630.15,9145.58,SHIP-90285
PO-10286,Alpha Components,SG,IN,DE->IN,Air,EXW,2024-02-05,2024-02-17,2024-02-19,2024-02-22,2024-02-27,Delivered,534,147.75,2900.63,3551.46,SHIP-90286
PO-10287,Alpha Components,CN,IN,AE->IN,Air,FOB,2024-11-16,2024-12-04,2024-12-10,2024-12-30,,In-Transit,1025,225.24,11216.23,55544.13,SHIP-90287
PO-10288,Delta Textiles,AE,IN,SG->IN,Ocean,DAP,2024-02-22,2024-03-05,2024-03-09,2024-03-31,2024-04-10,Delivered,354,206.05,11545.24,9373.9,SHIP-90288
PO-10289,Crescent Metals,AE,IN,US->IN,Road,DAP,2025-06-12,2025-06-24,2025-06-21,2025-07-26,2025-07-25,Delivered,1245,174.23,1399.02,42008.35,SHIP-90289
PO-10290,Delta Textiles,DE,IN,CN->IN,Road,DAP,2025-06-21,2025-06-30,2025-06-28,2025-08-04,2025-08-10,Delayed,1658,203.6,1222.37,50786.01,SHIP-90290
PO-10291,Beta Plastics,VN,IN,US->IN,Air,FOB,2024-06-15,2024-07-03,2024-07-05,2024-07-19,2024-07-20,Delivered,1249,80.89,10978.75,5107.01,SHIP-90291
PO-10292,Alpha Components,CN,IN,AE->IN,Ocean,FOB,2024-02-05,2024-02-21,2024-02-21,2024-03-10,2024-03-17,Delivered,975,173.37,10680.94,33510.73,SHIP-90292
PO-10293,Beta Plastics,US,IN,SG->IN,Ocean,DAP,2024-04-25,2024-04-29,2024-05-03,2024-05-24,2024-05-25,Delivered,889,33.29,3549.96,5884.74,SHIP-90293
PO-10294,Foxtrot Fasteners,US,IN,US->IN,Air,CIF,2025-07-28,2025-08-16,2025-08-21,2025-08-28,,In-Transit,885,193.47,7740.56,40258.76,SHIP-90294
PO-10295,Beta Plastics,AE,IN,VN->IN,Ocean,FOB,2024-10-15,2024-11-04,2024-11-04,2024-11-15,,In-Transit,1237,219.3,10201.43,3764.85,SHIP-90295
PO-10296,Alpha Components,VN,IN,DE->IN,Ocean,EXW,2024-02-12,2024-02-22,2024-02-20,2024-02-27,2024-03-03,Delayed,33,83.8,827.8,482.42,SHIP-90296
PO-10297,Foxtrot Fasteners,AE,IN,DE->IN,Air,FOB,2025-01-26,2025-02-15,2025-02-16,2025-03-06,2025-03-06,Delivered,1002,249.74,3507.94,51589.99,SHIP-90297
PO-10298,Crescent Metals,SG,IN,AE->IN,Ocean,EXW,2024-07-16,2024-07-24,2024-07-25,2024-08-11,,In-Transit,635,209.81,10777.68,5555.18,SHIP-90298
PO-10299,Beta Plastics,VN,IN,AE->IN,Ocean,DAP,2024-02-09,2024-02-29,2024-03-02,2024-03-17,2024-03-24,Delivered,703,164.23,3713.38,25995.26,SHIP-90299
PO-10300,Delta Textiles,CN,IN,VN->IN,Air,EXW,2024-09-27,2024-10-09,2024-10-09,2024-10-21,2024-10-15,Delivered,1467,45.32,9003.95,493.83,SHIP-90300
PO-10301,Beta Plastics,AE,IN,VN->IN,Air,DAP,2024-10-14,2024-10-15,2024-10-17,2024-10-30,2024-10-25,Delivered,1148,175.36,11910.75,43597.4,SHIP-90301
PO-10302,Delta Textiles,US,IN,CN->IN,Ocean,FOB,2024-06-24,2024-06-25,2024-06-25,2024-07-10,2024-07-05,Delivered,102,126.05,11659.37,2555.39,SHIP-90302
PO-10303,Delta Textiles,DE,IN,AE->IN,Ocean,EXW,2024-04-14,2024-04-29,2024-04-29,2024-06-03,2024-05-31,Delivered,617,236.6,10978.19,19767.14,SHIP-90303
PO-10304,Alpha Components,US,IN,VN->IN,Ocean,FOB,2025-06-07,2025-06-08,2025-06-14,2025-07-05,2025-07-01,Delivered,1473,128.09,3865.62,46123.68,SHIP-90304
PO-10305,Alpha Components,CN,IN,CN->IN,Ocean,EXW,2025-07-30,2025-08-15,2025-08-17,2025-08-28,2025-09-06,Delivered,1117,195.59,1970.38,28431.68,SHIP-90305
PO-10306,Alpha Components,CN,IN,DE->IN,Ocean,CIF,2025-02-01,2025-02-15,2025-02-17,2025-03-10,2025-03-16,Delivered,1392,26.74,5982.97,1880.93,SHIP-90306
PO-10307,Foxtrot Fasteners,DE,IN,CN->IN,Ocean,FOB,2024-04-13,2024-04-16,2024-04-19,2024-05-09,,In-Transit,1227,174.67,469.04,53416.85,SHIP-90307
PO-10308,Delta Textiles,CN,IN,SG->IN,Road,FOB,2024-09-14,2024-09-18,2024-09-23,2024-10-23,2024-10-23,Delivered,1971,232.7,6425.72,91931.76,SHIP-90308
PO-10309,Delta Textiles,VN,IN,CN->IN,Ocean,EXW,2024-01-08,2024-01-25,2024-01-31,2024-02-19,2024-02-23,Delivered,1922,170.12,6076.05,59117.63,SHIP-90309
PO-10310,Delta Textiles,SG,IN,AE->IN,Air,FOB,2024-05-30,2024-06-13,2024-06-16,2024-07-16,2024-07-15,Delayed,1656,182.92,10722.15,46287.57,SHIP-90310
PO-10311,Echo Electronics,US,IN,US->IN,Ocean,FOB,2024-10-26,2024-11-07,2024-11-12,2024-12-01,2024-11-26,Delayed,1299,95.55,2134.29,29405.01,SHIP-90311
PO-10312,Delta Textiles,CN,IN,US->IN,Ocean,DAP,2025-02-01,2025-02-10,2025-02-10,2025-03-17,2025-03-24,Delivered,47,83.86,9281.45,206.83,SHIP-90312
PO-10313,Beta Plastics,AE,IN,SG->IN,Ocean,EXW,2025-03-05,2025-03-13,2025-03-10,2025-03-30,2025-04-10,Delayed,524,184.2,355.22,20908.72,SHIP-90313
PO-10314,Alpha Components,US,IN,SG->IN,Air,FOB,2024-08-22,2024-09-03,2024-09-01,2024-09-11,2024-09-10,Delayed,701,134.22,1908.56,11782.67,SHIP-90314
PO-10315,Foxtrot Fasteners,SG,IN,SG->IN,Ocean,FOB,2025-03-24,2025-04-02,2025-04-01,2025-04-21,2025-04-30,Delivered,921,234.9,3162.18,44927.47,SHIP-90315
PO-10316,Echo Electronics,CN,IN,US->IN,Air,CIF,2025-03-01,2025-03-08,2025-03-08,2025-03-16,2025-03-13,Delayed,1699,83.32,10721.77,1636.95,SHIP-90316
PO-10317,Alpha Components,US,IN,AE->IN,Ocean,DAP,2025-05-27,2025-06-16,2025-06-19,2025-06-24,,Cancelled,1632,170.69,9969.3,25678.77,SHIP-90317
PO-10318,Alpha Components,US,IN,VN->IN,Ocean,DAP,2024-08-26,2024-09-12,2024-09-15,2024-10-14,,In-Transit,552,223.17,2612.08,170.3,SHIP-90318
PO-10319,Foxtrot Fasteners,DE,IN,VN->IN,Air,FOB,2025-03-12,2025-03-26,2025-03-24,2025-04-14,,In-Transit,623,216.46,8154.9,17656.18,SHIP-90319
PO-10320,Delta Textiles,SG,IN,AE->IN,Ocean,FOB,2024-06-12,2024-06-16,2024-06-18,2024-06-24,2024-06-19,Delivered,478,58.11,5972.92,5299.61,SHIP-90320
PO-10321,Alpha Components,VN,IN,CN->IN,Air,DAP,2025-05-28,2025-06-13,2025-06-19,2025-07-11,2025-07-09,Delayed,1062,93.74,7470.19,12334.3,SHIP-90321
PO-10322,Foxtrot Fasteners,DE,IN,VN->IN,Ocean,CIF,2024-07-26,2024-08-14,2024-08-11,2024-08-19,2024-08-23,Delivered,986,162.59,4232.41,9490.28,SHIP-90322
PO-10323,Echo Electronics,CN,IN,DE->IN,Air,EXW,2024-03-19,2024-04-07,2024-04-13,2024-05-11,2024-05-13,Delivered,1645,196.41,4413.32,35937.98,SHIP-90323
PO-10324,Delta Textiles,US,IN,AE->IN,Road,DAP,2024-04-08,2024-04-27,2024-05-01,2024-05-17,2024-05-14,Delivered,305,24.48,7003.41,1097.68,SHIP-90324
PO-10325,Alpha Components,SG,IN,AE->IN,Air,DAP,2024-01-10,2024-01-22,2024-01-19,2024-02-25,2024-02-29,Delivered,1952,200.86,1546.93,21809.13,SHIP-90325
PO-10326,Crescent Metals,VN,IN,VN->IN,Air,CIF,2024-10-26,2024-11-07,2024-11-10,2024-12-12,,In-Transit,478,220.43,3007.15,22664.92,SHIP-90326
PO-10327,Beta Plastics,CN,IN,US->IN,Ocean,CIF,2024-08-18,2024-09-06,2024-09-04,2024-09-30,,Cancelled,393,170.8,10349.14,9440.86,SHIP-90327
PO-10328,Echo Electronics,VN,IN,VN->IN,Air,DAP,2024-06-24,2024-06-28,2024-06-29,2024-07-18,2024-07-23,Delivered,1256,230.35,11977.13,56138.13,SHIP-90328
PO-10329,Beta Plastics,US,IN,DE->IN,Ocean,DAP,2024-07-16,2024-07-30,2024-08-03,2024-08-29,,In-Transit,1025,101.18,2388.29,14605.25,SHIP-90329
PO-10330,Beta Plastics,CN,IN,AE->IN,Ocean,EXW,2025-04-24,2025-05-03,2025-05-01,2025-05-13,,In-Transit,1878,147.49,4330.12,6686.83,SHIP-90330
PO-10331,Delta Textiles,AE,IN,DE->IN,Ocean,FOB,2024-10-12,2024-10-13,2024-10-13,2024-10-21,2024-10-21,Delivered,274,129.0,10739.37,3612.03,SHIP-90331
PO-10332,Foxtrot Fasteners,SG,IN,AE->IN,Air,EXW,2024-12-25,2025-01-13,2025-01-17,2025-01-19,,In-Transit,1127,37.35,5843.83,3495.3,SHIP-90332
PO-10333,Foxtrot Fasteners,CN,IN,US->IN,Ocean,DAP,2025-02-13,2025-03-05,2025-03-02,2025-03-23,2025-04-02,Delayed,667,236.59,6812.07,4490.54,SHIP-90333
PO-10334,Delta Textiles,CN,IN,SG->IN,Ocean,CIF,2025-07-25,2025-07-27,2025-07-26,2025-08-18,2025-08-15,Delivered,423,54.41,6930.39,710.87,SHIP-90334
PO-10335,Beta Plastics,SG,IN,AE->IN,Air,EXW,2025-03-14,2025-03-22,2025-03-27,2025-04-14,2025-04-23,Delivered,1492,140.25,1736.57,50338.4,SHIP-90335
PO-10336,Beta Plastics,SG,IN,SG->IN,Air,CIF,2024-06-30,2024-07-07,2024-07-07,2024-08-07,,In-Transit,1918,190.9,9974.3,61247.25,SHIP-90336
PO-10337,Beta Plastics,US,IN,SG->IN,Air,DAP,2024-08-22,2024-09-05,2024-09-11,2024-09-22,2024-09-29,Delivered,378,228.05,10620.03,17160.37,SHIP-90337
PO-10338,Beta Plastics,SG,IN,DE->IN,Ocean,CIF,2024-02-13,2024-02-17,2024-02-19,2024-03-23,2024-03-19,Delivered,597,145.54,2382.1,20261.82,SHIP-90338
PO-10339,Foxtrot Fasteners,DE,IN,AE->IN,Ocean,FOB,2025-04-21,2025-05-03,2025-05-01,2025-06-05,2025-06-09,Delivered,1064,152.05,8988.94,1394.78,SHIP-90339
PO-10340,Beta Plastics,CN,IN,SG->IN,Ocean,EXW,2024-09-13,2024-09-21,2024-09-18,2024-10-03,2024-10-01,Delayed,144,74.53,11766.32,1681.79,SHIP-90340
PO-10341,Alpha Components,DE,IN,US->IN,Ocean,CIF,2025-06-15,2025-06-30,2025-07-01,2025-07-07,2025-07-03,Delivered,766,14.33,10014.51,1823.97,SHIP-90341
PO-10342,Foxtrot Fasteners,US,IN,US->IN,Air,EXW,2024-01-03,2024-01-17,2024-01-16,2024-01-25,2024-01-21,Delivered,1084,220.83,415.0,52642.45,SHIP-90342
PO-10343,Alpha Components,VN,IN,CN->IN,Ocean,CIF,2025-05-22,2025-06-11,2025-06-11,2025-06-28,2025-07-09,Delivered,403,180.45,2552.5,7301.78,SHIP-90343
PO-10344,Foxtrot Fasteners,AE,IN,SG->IN,Air,DAP,2025-03-29,2025-04-16,2025-04-17,2025-04-26,2025-04-26,Delayed,1305,228.53,449.92,16277.96,SHIP-90344
PO-10345,Foxtrot Fasteners,DE,IN,CN->IN,Road,FOB,2024-01-22,2024-01-28,2024-02-01,2024-02-29,,In-Transit,1545,78.73,3021.29,26463.07,SHIP-90345
PO-10346,Beta Plastics,US,IN,VN->IN,Ocean,CIF,2024-02-02,2024-02-05,2024-02-05,2024-02-26,2024-02-25,Delivered,1056,234.5,2414.34,53517.99,SHIP-90346
PO-10347,Alpha Components,US,IN,SG->IN,Air,FOB,2024-01-18,2024-01-21,2024-01-25,2024-02-07,2024-02-13,Delivered,348,203.32,6465.09,6120.2,SHIP-90347
PO-10348,Crescent Metals,CN,IN,US->IN,Ocean,CIF,2025-04-06,2025-04-17,2025-04-16,2025-05-18,,In-Transit,1458,141.25,2705.19,48109.11,SHIP-90348
PO-10349,Delta Textiles,VN,IN,SG->IN,Ocean,DAP,2025-06-18,2025-07-08,2025-07-09,2025-08-12,2025-08-24,Delayed,1425,166.89,11694.66,55501.54,SHIP-90349
PO-10350,Alpha Components,US,IN,US->IN,Road,FOB,2024-03-02,2024-03-05,2024-03-07,2024-03-12,2024-03-24,Delivered,1003,45.5,2694.5,4330.14,SHIP-90350
PO-10351,Foxtrot Fasteners,AE,IN,CN->IN,Ocean,FOB,2025-07-10,2025-07-11,2025-07-15,2025-08-08,2025-08-17,Delivered,487,127.74,10915.92,106.62,SHIP-90351
PO-10352,Delta Textiles,AE,IN,VN->IN,Air,EXW,2024-06-01,2024-06-16,2024-06-20,2024-07-05,2024-07-03,Delivered,361,51.53,11789.43,4134.1,SHIP-90352
PO-10353,Foxtrot Fasteners,DE,IN,CN->IN,Ocean,FOB,2025-06-15,2025-06-24,2025-06-24,2025-07-06,2025-07-07,Delayed,546,197.71,11136.66,25729.23,SHIP-90353
PO-10354,Echo Electronics,DE,IN,VN->IN,Ocean,FOB,2024-09-27,2024-09-30,2024-09-30,2024-10-28,2024-10-23,Delayed,961,215.93,845.3,40671.45,SHIP-90354
PO-10355,Foxtrot Fasteners,DE,IN,CN->IN,Ocean,CIF,2025-02-23,2025-03-03,2025-03-02,2025-03-30,,In-Transit,306,12.45,7133.3,287.68,SHIP-90355
PO-10356,Foxtrot Fasteners,US,IN,US->IN,Ocean,EXW,2024-10-01,2024-10-10,2024-10-08,2024-11-09,,In-Transit,1943,129.58,6296.52,45529.79,SHIP-90356
PO-10357,Foxtrot Fasteners,VN,IN,US->IN,Ocean,EXW,2024-07-25,2024-08-06,2024-08-04,2024-09-02,2024-08-30,Delivered,10,89.6,9483.29,213.11,SHIP-90357
PO-10358,Echo Electronics,AE,IN,CN->IN,Ocean,FOB,2024-01-23,2024-02-02,2024-02-07,2024-03-06,,In-Transit,59,176.46,5225.79,363.5,SHIP-90358
PO-10359,Foxtrot Fasteners,DE,IN,SG->IN,Air,CIF,2025-04-03,2025-04-15,2025-04-17,2025-05-16,2025-05-19,Delayed,1512,176.74,10183.6,61711.16,SHIP-90359
PO-10360,Echo Electronics,US,IN,US->IN,Air,FOB,2024-05-12,2024-05-23,2024-05-25,2024-06-08,2024-06-19,Delivered,1310,43.25,2191.58,1883.86,SHIP-90360
PO-10361,Crescent Metals,US,IN,SG->IN,Ocean,EXW,2025-05-22,2025-05-23,2025-05-22,2025-06-03,2025-06-10,Delayed,670,212.63,6399.15,17458.88,SHIP-90361
PO-10362,Beta Plastics,US,IN,US->IN,Ocean,CIF,2025-07-07,2025-07-15,2025-07-16,2025-07-25,2025-07-26,Delivered,968,132.03,2225.74,20691.17,SHIP-90362
PO-10363,Echo Electronics,DE,IN,DE->IN,Air,EXW,2024-07-03,2024-07-10,2024-07-08,2024-07-21,2024-08-02,Delivered,183,91.95,4218.61,926.97,SHIP-90363
PO-10364,Crescent Metals,AE,IN,US->IN,Air,EXW,2024-02-07,2024-02-20,2024-02-17,2024-03-02,2024-03-12,Delivered,189,47.12,11988.65,1334.16,SHIP-90364
PO-10365,Foxtrot Fasteners,US,IN,DE->IN,Ocean,CIF,2025-05-24,2025-05-26,2025-05-26,2025-06-12,2025-06-11,Delivered,83,169.43,6369.27,2245.22,SHIP-90365
PO-10366,Foxtrot Fasteners,US,IN,US->IN,Air,CIF,2024-07-06,2024-07-11,2024-07-11,2024-07-31,,In-Transit,765,158.74,1535.25,3616.0,SHIP-90366
PO-10367,Crescent Metals,DE,IN,CN->IN,Air,EXW,2024-06-04,2024-06-09,2024-06-12,2024-06-22,2024-06-18,Delivered,43,200.4,1106.57,2140.7,SHIP-90367
PO-10368,Echo Electronics,DE,IN,US->IN,Ocean,CIF,2025-07-02,2025-07-14,2025-07-19,2025-07-20,2025-07-15,Delivered,541,14.91,6759.96,891.6,SHIP-90368
PO-10369,Beta Plastics,US,IN,SG->IN,Ocean,EXW,2024-07-23,2024-08-05,2024-08-05,2024-08-26,2024-08-30,Delivered,1347,229.04,1924.47,12828.18,SHIP-90369
PO-10370,Echo Electronics,SG,IN,CN->IN,Ocean,EXW,2025-02-23,2025-02-24,2025-02-28,2025-03-26,2025-03-27,Delivered,1791,197.8,5339.77,8935.65,SHIP-90370
PO-10371,Beta Plastics,DE,IN,US->IN,Air,CIF,2025-06-30,2025-07-16,2025-07-14,2025-08-06,2025-08-01,Delivered,291,15.91,7558.93,204.12,SHIP-90371
PO-10372,Beta Plastics,VN,IN,CN->IN,Air,EXW,2025-04-23,2025-05-11,2025-05-14,2025-05-28,2025-06-05,Delivered,963,195.18,4046.09,5941.27,SHIP-90372
PO-10373,Crescent Metals,US,IN,CN->IN,Ocean,FOB,2025-07-25,2025-08-14,2025-08-13,2025-09-04,2025-09-13,Delayed,1455,91.72,2208.74,14136.65,SHIP-90373
PO-10374,Crescent Metals,SG,IN,DE->IN,Air,CIF,2025-06-05,2025-06-17,2025-06-18,2025-06-29,,In-Transit,903,189.46,11230.62,15808.43,SHIP-90374
PO-10375,Alpha Components,CN,IN,VN->IN,Air,CIF,2025-05-19,2025-05-26,2025-05-25,2025-06-27,2025-07-04,Delivered,616,180.71,9015.06,20817.95,SHIP-90375
PO-10376,Beta Plastics,AE,IN,CN->IN,Air,FOB,2024-05-11,2024-05-14,2024-05-16,2024-05-28,2024-05-25,Delivered,1254,41.08,2952.58,7285.48,SHIP-90376
PO-10377,Alpha Components,AE,IN,DE->IN,Road,FOB,2024-12-18,2025-01-04,2025-01-05,2025-01-29,2025-02-09,Delivered,153,19.38,4538.29,107.24,SHIP-90377
PO-10378,Crescent Metals,DE,IN,VN->IN,Ocean,CIF,2024-01-17,2024-02-01,2024-02-03,2024-02-24,2024-02-24,Delivered,1096,201.47,8192.52,8205.91,SHIP-90378
PO-10379,Foxtrot Fasteners,VN,IN,CN->IN,Air,CIF,2024-09-20,2024-10-08,2024-10-08,2024-10-24,,Cancelled,1233,170.83,11308.57,13717.72,SHIP-90379
PO-10380,Echo Electronics,US,IN,AE->IN,Air,CIF,2024-09-30,2024-10-18,2024-10-24,2024-10-25,2024-11-04,Delivered,1797,187.35,2563.13,19170.96,SHIP-90380
PO-10381,Beta Plastics,US,IN,SG->IN,Road,CIF,2024-09-03,2024-09-07,2024-09-05,2024-09-20,2024-09-15,Delivered,593,26.97,5481.12,3276.12,SHIP-90381
PO-10382,Alpha Components,CN,IN,DE->IN,Air,EXW,2024-01-09,2024-01-12,2024-01-18,2024-01-30,,In-Transit,367,214.09,9267.11,237.75,SHIP-90382
PO-10383,Echo Electronics,DE,IN,SG->IN,Ocean,EXW,2024-10-21,2024-11-06,2024-11-04,2024-12-10,2024-12-19,Delivered,1776,154.58,538.29,11152.03,SHIP-90383
PO-10384,Echo Electronics,SG,IN,DE->IN,Air,CIF,2025-07-21,2025-07-26,2025-07-27,2025-08-10,2025-08-21,Delivered,1027,192.89,4262.6,37496.65,SHIP-90384
PO-10385,Echo Electronics,DE,IN,AE->IN,Ocean,FOB,2024-02-08,2024-02-10,2024-02-08,2024-02-19,2024-02-24,Delivered,81,101.28,6517.17,1077.21,SHIP-90385
PO-10386,Beta Plastics,CN,IN,AE->IN,Ocean,EXW,2024-12-27,2025-01-08,2025-01-13,2025-01-28,,Cancelled,1238,27.0,1768.07,6142.55,SHIP-90386
PO-10387,Delta Textiles,AE,IN,DE->IN,Road,CIF,2024-03-15,2024-03-30,2024-03-29,2024-04-12,2024-04-12,Delayed,1332,20.95,5890.35,891.9,SHIP-90387
PO-10388,Beta Plastics,DE,IN,US->IN,Road,FOB,2024-10-01,2024-10-09,2024-10-14,2024-11-08,2024-11-04,Delivered,939,178.56,7673.02,31903.07,SHIP-90388
PO-10389,Beta Plastics,SG,IN,DE->IN,Air,CIF,2024-09-13,2024-10-03,2024-10-08,2024-10-24,2024-10-18,Delivered,1026,173.85,5129.54,14531.16,SHIP-90389
PO-10390,Foxtrot Fasteners,VN,IN,SG->IN,Air,DAP,2024-09-17,2024-10-01,2024-09-30,2024-10-29,,In-Transit,114,84.67,7860.22,553.77,SHIP-90390
PO-10391,Echo Electronics,AE,IN,VN->IN,Road,CIF,2025-03-08,2025-03-26,2025-03-26,2025-04-10,2025-04-05,Delivered,1387,61.15,2840.78,20207.14,SHIP-90391
PO-10392,Echo Electronics,SG,IN,US->IN,Air,DAP,2025-03-04,2025-03-05,2025-03-05,2025-04-07,,In-Transit,958,82.93,9013.44,13104.62,SHIP-90392
PO-10393,Delta Textiles,CN,IN,SG->IN,Ocean,CIF,2025-04-21,2025-04-23,2025-04-26,2025-05-25,2025-05-25,Delayed,301,174.57,11764.55,11482.37,SHIP-90393
PO-10394,Crescent Metals,US,IN,DE->IN,Ocean,EXW,2024-03-10,2024-03-27,2024-03-26,2024-04-29,2024-05-03,Delivered,955,40.98,10289.86,1092.35,SHIP-90394
PO-10395,Crescent Metals,VN,IN,DE->IN,Air,EXW,2025-07-03,2025-07-21,2025-07-22,2025-08-19,,In-Transit,1453,203.33,1017.86,8546.1,SHIP-90395
PO-10396,Delta Textiles,VN,IN,AE->IN,Air,FOB,2025-01-11,2025-01-30,2025-01-27,2025-02-13,,In-Transit,1158,77.87,1160.95,19003.69,SHIP-90396
PO-10397,Beta Plastics,US,IN,CN->IN,Ocean,EXW,2024-09-05,2024-09-08,2024-09-11,2024-09-28,,In-Transit,1073,37.97,10273.0,3.41,SHIP-90397
PO-10398,Delta Textiles,DE,IN,CN->IN,Ocean,EXW,2024-07-24,2024-08-06,2024-08-04,2024-08-31,2024-09-01,Delivered,788,136.64,575.48,8355.38,SHIP-90398
PO-10399,Foxtrot Fasteners,DE,IN,VN->IN,Ocean,EXW,2024-06-04,2024-06-18,2024-06-23,2024-07-04,2024-07-07,Delayed,1342,168.85,5351.25,39774.45,SHIP-90399
